,Dimension,Resource Name,Description,URL,Phone,combined,Location
0,emotional,American Psychological Association (APA),"The APA offers resources on mental health education, research, and practice, including a locator for psychologists.",https://www.apa.org,,American Psychological Association (APA) https://www.apa.org,Nationwide
1,emotional,National Institute of Mental Health (NIMH),"NIMH provides information on mental disorders, research, and resources for individuals and families.",https://www.nimh.nih.gov,,National Institute of Mental Health (NIMH) https://www.nimh.nih.gov,Nationwide
2,emotional,Mental Health First Aid,A public education program that teaches people how to identify and respond to signs of mental illnesses and substance use disorders.,https://www.mentalhealthfirstaid.org,,Mental Health First Aid https://www.mentalhealthfirstaid.org,Nationwide
3,emotional,The Jed Foundation,A nonprofit organization focused on protecting emotional health and preventing suicide among teens and young adults through education and resources.,https://www.jedfoundation.org,,The Jed Foundation https://www.jedfoundation.org,Nationwide
4,emotional,Support Groups Central,"An online platform offering a variety of support groups for mental health issues, including anxiety, depression, and more.",https://www.supportgroupscentral.com,,Support Groups Central https://www.supportgroupscentral.com,Nationwide
5,emotional,National Center for PTSD,"A resource for veterans and others affected by trauma, offering information, treatment options, and support resources.",https://www.ptsd.va.gov,,National Center for PTSD https://www.ptsd.va.gov,Nationwide
6,emotional,The National Child Traumatic Stress Network,"Offers resources and support for children and families affected by trauma, including educational materials and treatment options.",https://www.nctsn.org,,The National Child Traumatic Stress Network https://www.nctsn.org,Nationwide
7,emotional,The Anxiety Network,"A resource providing information, articles, and support for individuals dealing with anxiety disorders.",https://www.anxietynetwork.com,,The Anxiety Network https://www.anxietynetwork.com,Nationwide
8,emotional,The National Alliance for Grieving Children,"Offers resources and support for children and families grieving the loss of a loved one, including local support groups.",https://childrengrieve.org,,The National Alliance for Grieving Children https://childrengrieve.org,Nationwide
9,emotional,The Recovery Village,"A resource for individuals seeking help for substance abuse and mental health issues, offering treatment options and support.",https://www.therecoveryvillage.com,,The Recovery Village https://www.therecoveryvillage.com,Nationwide
10,emotional,The American Foundation for Suicide Prevention (AFSP),"Provides resources for suicide prevention, including educational materials, support groups, and local chapters.",https://afsp.org,,The American Foundation for Suicide Prevention (AFSP) https://afsp.org,Nationwide
11,emotional,The Center for Nonprofit Research,"Provides resources for finding mental health and emotional wellness nonprofits in your area, including information on services.",https://www.centerfornonprofitresearch.org,,The Center for Nonprofit Research https://www.centerfornonprofitresearch.org,Nationwide
12,emotional,The National Mental Health Consumers' Self-Help Clearinghouse,A resource providing information about peer support and self-help resources for mental health consumers.,https://www.mhselfhelp.org,,The National Mental Health Consumers' Self-Help Clearinghouse https://www.mhselfhelp.org,Nationwide
13,emotional,The National Council for Behavioral Health,Represents mental health and addiction treatment organizations and provides resources for improving mental health care.,https://www.thenationalcouncil.org,,The National Council for Behavioral Health https://www.thenationalcouncil.org,Nationwide
14,emotional,The Wellbeing Trust,A foundation focused on advancing mental health and wellness through community resources and advocacy.,https://wellbeingtrust.org,,The Wellbeing Trust https://wellbeingtrust.org,Nationwide
15,emotional,The National Association of School Psychologists (NASP),Provides resources and support for schools and families to promote emotional wellness and mental health in children and adolescents.,https://www.nasponline.org,,The National Association of School Psychologists (NASP) https://www.nasponline.org,Nationwide
16,emotional,The International Association for Trauma Professionals,"Provides resources, training, and certification for professionals working with trauma-affected individuals.",https://traumaprofessionals.com,,The International Association for Trauma Professionals https://traumaprofessionals.com,Nationwide
17,emotional,The National Domestic Violence Hotline,"A resource for individuals affected by domestic violence, offering support, safety planning, and local resources.",https://www.thehotline.org,1-800-799-SAFE (7233),The National Domestic Violence Hotline https://www.thehotline.org,Nationwide
18,emotional,The Child Mind Institute,"Provides resources for children's mental health, including articles, assessments, and treatment options for various disorders.",https://childmind.org,,The Child Mind Institute https://childmind.org,Nationwide
19,emotional,Psych Central,"An online resource offering articles, forums, and support for mental health issues, including a directory of therapists.",https://psychcentral.com,,Psych Central https://psychcentral.com,Nationwide
20,emotional,The GoodTherapy,"A directory of therapists and mental health professionals, along with educational resources and articles on emotional wellness.",https://www.goodtherapy.org,,The GoodTherapy https://www.goodtherapy.org,Nationwide
21,emotional,New Jersey Hope and Healing,"Offers emotional support and resources for individuals affected by disasters in New Jersey, focusing on recovery and resilience.",https://www.njhopeandhealing.org,1-877-294-HELP (4357),New Jersey Hope and Healing https://www.njhopeandhealing.org,'New Jersey
22,emotional,The New Jersey Mental Health Association,"Provides advocacy, support, and education on mental health issues and community services in New Jersey.",https://www.njmentalhealthassociation.org,1-800-367-6274,The New Jersey Mental Health Association https://www.njmentalhealthassociation.org,'New Jersey
23,emotional,The National Federation of Families for Children's Mental Health,"Focuses on family-driven support and advocacy for children with mental health challenges, offering resources and support networks.",https://ffcmh.org,,The National Federation of Families for Children's Mental Health https://ffcmh.org,Nationwide
24,physical,National Institute of Health (NIH),"NIH provides extensive information on various health topics, including physical wellness, fitness, nutrition, and disease prevention.",https://www.nih.gov,,National Institute of Health (NIH) https://www.nih.gov,Nationwide
25,physical,ChooseMyPlate.gov,"This USDA site provides dietary guidelines, tools, and tips for healthy eating and physical activity for all age groups.",https://www.choosemyplate.gov,,ChooseMyPlate.gov https://www.choosemyplate.gov,Nationwide
26,physical,American Heart Association,"The AHA offers resources on heart health, including physical activity recommendations, nutrition tips, and health education materials.",https://www.heart.org,,American Heart Association https://www.heart.org,Nationwide
27,physical,Fitness.gov,"A government site promoting physical activity with guidelines, resources, and tips for individuals and organizations to improve fitness.",https://www.fitness.gov,,Fitness.gov https://www.fitness.gov,Nationwide
28,physical,National Fitness Campaign,Promotes active lifestyles through community fitness initiatives and provides resources for building outdoor fitness parks.,https://nationalfitnesscampaign.com,,National Fitness Campaign https://nationalfitnesscampaign.com,Nationwide
29,physical,American Council on Exercise (ACE),ACE provides certification for fitness professionals and offers resources and educational materials on health and fitness.,https://www.acefitness.org,,American Council on Exercise (ACE) https://www.acefitness.org,Nationwide
30,physical,National Institute on Aging (NIA),"NIA provides resources specifically for older adults, focusing on exercise, healthy eating, and maintaining physical wellness as we age.",https://www.nia.nih.gov,,National Institute on Aging (NIA) https://www.nia.nih.gov,Nationwide
31,physical,Go4Life,A program from the NIA promoting exercise and physical activity as a way to stay healthy and active in older age.,https://go4life.nia.nih.gov,,Go4Life https://go4life.nia.nih.gov,Nationwide
32,physical,National Park Service (NPS),"Offers resources for outdoor physical activities such as hiking, biking, and more across national parks throughout the US.",https://www.nps.gov,,National Park Service (NPS) https://www.nps.gov,Nationwide
33,physical,Let’s Move!,An initiative aimed at promoting physical activity and healthy eating for children and families across the nation.,https://letsmove.obamawhitehouse.archives.gov,,Let’s Move! https://letsmove.obamawhitehouse.archives.gov,Nationwide
34,physical,MyFitnessPal,"A mobile app and website that helps users track food intake and exercise, promoting overall physical wellness and healthy habits.",https://www.myfitnesspal.com,,MyFitnessPal https://www.myfitnesspal.com,Nationwide
35,physical,Fitbit,"Provides fitness tracking devices and an app to monitor physical activity, sleep, and nutrition for better health management.",https://www.fitbit.com,,Fitbit https://www.fitbit.com,Nationwide
36,physical,SparkPeople,"An online community offering fitness tracking, meal plans, and motivational resources for individuals seeking to improve their wellness.",https://www.sparkpeople.com,,SparkPeople https://www.sparkpeople.com,Nationwide
37,physical,Couch to 5K,A popular running program that helps beginners gradually increase their running ability to complete a 5K road race.,https://www.c25k.com,,Couch to 5K https://www.c25k.com,Nationwide
38,physical,Zocdoc,"An online service that helps users find healthcare providers and book appointments, including those related to physical wellness.",https://www.zocdoc.com,,Zocdoc https://www.zocdoc.com,Nationwide
39,physical,Healthline,"Offers a wealth of articles, guides, and resources on health topics, including exercise, nutrition, and wellness tips.",https://www.healthline.com,,Healthline https://www.healthline.com,Nationwide
40,physical,MedlinePlus,"A service of the National Library of Medicine providing resources on health topics, including physical wellness and exercise.",https://medlineplus.gov,,MedlinePlus https://medlineplus.gov,Nationwide
41,physical,Verywell Fit,"Provides articles, tips, and resources on fitness, nutrition, and overall physical wellness for a healthy lifestyle.",https://www.verywellfit.com,,Verywell Fit https://www.verywellfit.com,Nationwide
42,physical,Online Fitness Programs (Beachbody),Offers a variety of online fitness programs and workouts to help individuals achieve their fitness goals from home.,https://www.beachbody.com,,Online Fitness Programs (Beachbody) https://www.beachbody.com,Nationwide
43,physical,AARP Fitness,Provides resources and information on fitness programs and activities tailored for older adults to maintain physical wellness.,https://www.aarp.org,,AARP Fitness https://www.aarp.org,Nationwide
44,physical,SparkPeople,"An online resource offering tools for tracking nutrition and exercise, along with community support for wellness.",https://www.sparkpeople.com,,SparkPeople https://www.sparkpeople.com,Nationwide
45,physical,The Mayo Clinic,"Offers a comprehensive resource on health topics, including physical wellness, exercise, and nutrition guidelines.",https://www.mayoclinic.org,,The Mayo Clinic https://www.mayoclinic.org,Nationwide
46,physical,Exercise.com,"A platform that provides fitness coaching, workout plans, and resources for individuals looking to stay active.",https://www.exercise.com,,Exercise.com https://www.exercise.com,Nationwide
47,physical,Gold's Gym,A well-known fitness club offering a variety of training programs and classes aimed at improving physical wellness.,https://www.goldsgym.com,,Gold's Gym https://www.goldsgym.com,Nationwide
48,physical,The American College of Sports Medicine (ACSM),Provides resources and certifications for exercise professionals and offers guidelines on physical activity and health.,https://www.acsm.org,,The American College of Sports Medicine (ACSM) https://www.acsm.org,Nationwide
49,physical,Healthfinder,"A government website offering information on health topics, including physical wellness, nutrition, and preventive care.",https://healthfinder.gov,,Healthfinder https://healthfinder.gov,Nationwide
50,occupational,Occupational Safety and Health Administration (OSHA),OSHA provides guidelines and regulations to ensure safe and healthy working conditions for all employees across the U.S.,https://www.osha.gov,1-800-321-6742,Occupational Safety and Health Administration (OSHA) https://www.osha.gov,Nationwide
51,occupational,National Institute for Occupational Safety and Health (NIOSH),NIOSH conducts research and makes recommendations to prevent work-related injury and illness.,https://www.cdc.gov/niosh,1-800-356-4674,National Institute for Occupational Safety and Health (NIOSH) https://www.cdc.gov/niosh,Nationwide
52,occupational,Job Accommodation Network (JAN),"JAN offers free, expert, and confidential guidance on workplace accommodations and disability employment issues.",https://askjan.org,1-800-526-7234,Job Accommodation Network (JAN) https://askjan.org,Nationwide
53,occupational,Employee Assistance Program (EAP),"EAPs provide support for employees dealing with personal issues that may affect their work performance, including mental health and wellness resources.",https://www.eapassistance.com,,Employee Assistance Program (EAP) https://www.eapassistance.com,Nationwide
54,occupational,The National Wellness Institute,The National Wellness Institute promotes the concept of holistic wellness in workplace culture through education and resources.,https://www.nationalwellness.org,,The National Wellness Institute https://www.nationalwellness.org,Nationwide
55,occupational,American Psychological Association (APA) - Workplace,APA offers resources and articles that focus on mental health and psychological wellness in the workplace.,https://www.apa.org/topics/worker-wellbeing,,American Psychological Association (APA) - Workplace https://www.apa.org/topics/worker-wellbeing,Nationwide
56,occupational,WorkWell NYC,A program that promotes health and wellness for employees of New York City through various initiatives and resources.,https://www.nyc.gov/workwell,,WorkWell NYC https://www.nyc.gov/workwell,Nationwide
57,occupational,The American Heart Association - Workplace Health Solutions,This program provides resources and tools for organizations to create a culture of health in the workplace.,https://www.heart.org/en/healthy-living/healthy-lifestyle/workplace-health,,The American Heart Association - Workplace Health Solutions https://www.heart.org/en/healthy-living/healthy-lifestyle/workplace-health,Nationwide
58,occupational,Centers for Disease Control and Prevention (CDC) - Workplace Health,The CDC provides guidelines and resources for improving health in the workplace through various programs.,https://www.cdc.gov/niosh/topics/healthcare/default.html,,Centers for Disease Control and Prevention (CDC) - Workplace Health https://www.cdc.gov/niosh/topics/healthcare/default.html,Nationwide
59,occupational,Society for Human Resource Management (SHRM),SHRM offers resources and tools for HR professionals to promote workplace wellness and employee engagement.,https://www.shrm.org,1-800-283-7476,Society for Human Resource Management (SHRM) https://www.shrm.org,Nationwide
60,occupational,National Safety Council (NSC),NSC provides resources to help employers prevent workplace injuries and promote safety culture.,https://www.nsc.org,1-800-621-7619,National Safety Council (NSC) https://www.nsc.org,Nationwide
61,occupational,New Jersey Worker's Compensation Division,This division provides resources and information on workers' compensation benefits and rights in New Jersey.,https://www.nj.gov/labor/wc,1-609-292-2515,New Jersey Worker's Compensation Division https://www.nj.gov/labor/wc,'New Jersey
62,occupational,The National Institute of Mental Health (NIMH),NIMH offers information and resources for mental health that can be applied in workplace settings.,https://www.nimh.nih.gov,1-866-615-6464,The National Institute of Mental Health (NIMH) https://www.nimh.nih.gov,Nationwide
63,occupational,Healthy People 2030,"This initiative provides science-based, 10-year national objectives for improving the health of all Americans, including workplace wellness.",https://health.gov/healthypeople,,Healthy People 2030 https://health.gov/healthypeople,Nationwide
64,occupational,The Wellness Council of America,This council helps businesses improve workplace wellness through programs and resources tailored to employee health.,https://www.wellnesscouncilofamerica.org,,The Wellness Council of America https://www.wellnesscouncilofamerica.org,Nationwide
65,occupational,The Workplace Wellness Alliance,A coalition that provides resources and strategies for organizations to implement effective wellness programs.,https://www.workplacewellness.org,,The Workplace Wellness Alliance https://www.workplacewellness.org,Nationwide
66,occupational,The American Diabetes Association - Workplace Wellness,Offers resources for employers to create a supportive environment for employees with diabetes and promote overall health.,https://www.diabetes.org/workplace,,The American Diabetes Association - Workplace Wellness https://www.diabetes.org/workplace,Nationwide
67,occupational,National Federation of Independent Business (NFIB),NFIB provides resources for small business owners to promote employee wellness and compliance with health regulations.,https://www.nfib.com,1-800-634-2669,National Federation of Independent Business (NFIB) https://www.nfib.com,Nationwide
68,occupational,Workplace Strategies for Mental Health,This initiative offers resources and tools for employers to improve mental health at work.,https://www.workplacestrategiesformentalhealth.com,,Workplace Strategies for Mental Health https://www.workplacestrategiesformentalhealth.com,Nationwide
69,occupational,The Employee Benefit Research Institute (EBRI),EBRI provides research and resources focused on employee benefits and workplace wellness initiatives.,https://www.ebri.org,,The Employee Benefit Research Institute (EBRI) https://www.ebri.org,Nationwide
70,occupational,National Wellness Association,"An organization that promotes wellness in the workplace through training, resources, and events.",https://www.nationalwellnessassociation.org,,National Wellness Association https://www.nationalwellnessassociation.org,Nationwide
71,occupational,American Cancer Society - Workplace Solutions,Provides resources and support for employers to promote cancer awareness and prevention in the workplace.,https://www.cancer.org,,American Cancer Society - Workplace Solutions https://www.cancer.org,Nationwide
72,occupational,New Jersey Society for Human Resource Management,Offers resources and networking opportunities for HR professionals in New Jersey to enhance workplace wellness initiatives.,https://www.njshrm.org,,New Jersey Society for Human Resource Management https://www.njshrm.org,New Jersey
73,occupational,The Society for Occupational Health Psychology,Promotes research and practice in occupational health psychology to improve workplace health and well-being.,https://sohp-online.org,,The Society for Occupational Health Psychology https://sohp-online.org,Nationwide
74,occupational,The National Center for Chronic Disease Prevention and Health Promotion,Provides guidelines and resources for promoting health and preventing chronic diseases in the workplace.,https://www.cdc.gov/chronicdisease,,The National Center for Chronic Disease Prevention and Health Promotion https://www.cdc.gov/chronicdisease,Nationwide
75,occupational,American Institute of Stress,This organization provides resources on stress management in the workplace to enhance employee wellness.,https://www.stress.org,,American Institute of Stress https://www.stress.org,Nationwide
76,occupational,New Jersey Division of Workplace Standards,"Offers information on workplace safety, rights, and resources for employees in New Jersey.",https://www.nj.gov/labor/wagehour,1-609-292-2272,New Jersey Division of Workplace Standards https://www.nj.gov/labor/wagehour,'New Jersey
77,occupational,The Work-Life Balance Institute,Provides research and resources to help organizations promote work-life balance for improved employee wellness.,https://worklifebalanceinstitute.org,,The Work-Life Balance Institute https://worklifebalanceinstitute.org,Nationwide
78,occupational,The Center for Workplace Mental Health,Offers resources and guidance for employers to create a mentally healthy workplace environment.,https://www.workplacementalhealth.org,,The Center for Workplace Mental Health https://www.workplacementalhealth.org,Nationwide
79,occupational,New Jersey Job Bank,A resource for job seekers that includes information on workplace wellness initiatives and job opportunities.,https://www.nj.gov/labor/careerservices/jobbank,,New Jersey Job Bank https://www.nj.gov/labor/careerservices/jobbank,'New Jersey
80,occupational,The National Center for Safety and Health in Housing,Provides resources for improving health and safety within housing and workplace settings.,https://www.cdc.gov/nceh/lead,,The National Center for Safety and Health in Housing https://www.cdc.gov/nceh/lead,Nationwide
81,occupational,The Institute for Health and Productivity Management,Provides research and guidance on health and productivity management in the workplace to enhance wellness.,https://www.ihpm.org,,The Institute for Health and Productivity Management https://www.ihpm.org,Nationwide
82,occupational,The National Center for Occupational Health and Safety,Provides a range of resources focused on occupational health and safety practices.,https://www.cdc.gov/niosh,,The National Center for Occupational Health and Safety https://www.cdc.gov/niosh,Nationwide
83,occupational,New Jersey Family Leave Insurance,Provides information on family leave insurance benefits to support employees' wellness and work-life balance.,https://www.nj.gov/labor/leave,,New Jersey Family Leave Insurance https://www.nj.gov/labor/leave,'New Jersey
84,occupational,The Center for Occupational Health and Safety,Offers resources and research focused on improving health and safety in various occupational settings.,https://www.cdc.gov/niosh,,The Center for Occupational Health and Safety https://www.cdc.gov/niosh,Nationwide
85,occupational,The National Safety Council - Workplace Safety,The NSC offers training and resources for organizations to promote safety and prevent workplace injuries.,https://www.nsc.org/workplace,,The National Safety Council - Workplace Safety https://www.nsc.org/workplace,Nationwide
86,occupational,The National Institute for Occupational Health and Safety,Provides resources and guidelines for promoting occupational health and safety across diverse industries.,https://www.cdc.gov/niosh,,The National Institute for Occupational Health and Safety https://www.cdc.gov/niosh,Nationwide
87,occupational,The Employee Ownership Foundation,Offers resources for businesses promoting employee ownership and engagement in workplace wellness.,https://employeeownershipfoundation.org,,The Employee Ownership Foundation https://employeeownershipfoundation.org,Nationwide
88,social,American Psychological Association (APA),"APA provides resources for psychological health, including social wellness resources, research, and guidelines for improving mental health.",https://www.apa.org,1-800-374-2721,American Psychological Association (APA) https://www.apa.org,Nationwide
89,social,National Institute of Mental Health (NIMH),"NIMH provides information on mental health disorders, research, and resources to promote understanding and treatment of mental health issues.",https://www.nimh.nih.gov,,National Institute of Mental Health (NIMH) https://www.nimh.nih.gov,Nationwide
90,social,Community Tool Box,"This resource offers free tools and resources for community health and development, including strategies for enhancing social connections and wellness.",https://ctb.ku.edu,,Community Tool Box https://ctb.ku.edu,Nationwide
91,social,National Center for PTSD,"This center offers resources for individuals affected by trauma, including support for social wellness through community and family connections.",https://www.ptsd.va.gov,,National Center for PTSD https://www.ptsd.va.gov,Nationwide
92,social,Mental Health First Aid,"This program teaches people how to identify and respond to mental health challenges, fostering social wellness in communities.",https://www.mentalhealthfirstaid.org,,Mental Health First Aid https://www.mentalhealthfirstaid.org,Nationwide
93,social,National Domestic Violence Hotline,"This resource offers support and information for individuals affected by domestic violence, contributing to social wellness and safety.",https://www.thehotline.org,1-800-799-SAFE (7233),National Domestic Violence Hotline https://www.thehotline.org,Nationwide
94,social,Trellis,"Trellis provides a platform for community connections and mental health resources, focusing on improving individual and community social wellness.",https://www.trellisupports.com,,Trellis https://www.trellisupports.com,Nationwide
95,social,Big Brothers Big Sisters,"This organization provides mentorship programs that foster social connections and support youth development, enhancing social wellness.",https://www.bbbsa.org,1-888-412-6243,Big Brothers Big Sisters https://www.bbbsa.org,Nationwide
96,social,National Federation of Families for Children's Mental Health,"This organization provides support and advocacy for families of children with mental health challenges, promoting social wellness through community.",https://www.ffcmh.org,1-800-911-6206,National Federation of Families for Children's Mental Health https://www.ffcmh.org,Nationwide
97,social,Parents Anonymous,"This organization offers support groups for parents, promoting social wellness through shared experiences and resources for parenting challenges.",https://www.parentsanonymous.org,1-800-421-3511,Parents Anonymous https://www.parentsanonymous.org,Nationwide
98,social,AARP,"AARP provides resources and support for older adults, promoting social engagement and wellness among seniors across the U.S.",https://www.aarp.org,1-888-687-2277,AARP https://www.aarp.org,Nationwide
99,social,The Jed Foundation,"This organization focuses on mental health and suicide prevention for young adults, providing resources to promote social wellness on campuses.",https://www.jedfoundation.org,,The Jed Foundation https://www.jedfoundation.org,Nationwide
100,social,The Friendship Line,"A 24/7 helpline for older adults and adults with disabilities, providing emotional support and crisis intervention to promote social wellness.",https://www.aging.senate.gov/friendship-line,1-800-971-0016,The Friendship Line https://www.aging.senate.gov/friendship-line,Nationwide
101,social,National Parent Helpline,"This helpline offers emotional support for parents, providing resources to enhance social connections and parenting skills.",https://www.nationalparenthelpline.org,1-855-427-2736,National Parent Helpline https://www.nationalparenthelpline.org,Nationwide
102,social,The National Council for Behavioral Health,"This organization advocates for mental health and substance use policies, providing resources to improve social wellness nationwide.",https://www.thenationalcouncil.org,,The National Council for Behavioral Health https://www.thenationalcouncil.org,Nationwide
103,social,Active Minds,"Active Minds is a nonprofit organization that promotes mental health awareness and education on college campuses, enhancing social wellness.",https://www.activeminds.org,,Active Minds https://www.activeminds.org,Nationwide
104,social,ReachOut USA,"ReachOut provides online resources for youth mental health support, encouraging social wellness through community engagement and peer support.",https://us.reachout.com,,ReachOut USA https://us.reachout.com,Nationwide
105,social,Camp Sunshine,"This organization offers respite and support for children with life-threatening illnesses and their families, promoting social wellness through community.",https://www.campsunshine.org,1-800-664-5175,Camp Sunshine https://www.campsunshine.org,Nationwide
106,social,The National Council on Aging,"This organization focuses on improving the lives of older adults, providing resources for social engagement and wellness.",https://www.ncoa.org,,The National Council on Aging https://www.ncoa.org,Nationwide
107,social,Postpartum Support International,"This organization offers support for new parents experiencing postpartum issues, promoting social wellness through community and resources.",https://www.postpartum.net,1-800-944-4773,Postpartum Support International https://www.postpartum.net,Nationwide
108,social,Mentor.org,"Mentor.org connects youth with mentors, fostering social wellness through guidance, support, and community involvement.",https://www.mentoring.org,,Mentor.org https://www.mentoring.org,Nationwide
109,social,The Social Wellness Collective,"This organization aims to cultivate social wellness through community connection, education, and resources for individuals and groups.",https://www.socialwellnesscollective.com,,The Social Wellness Collective https://www.socialwellnesscollective.com,Nationwide
110,social,The National Alliance for Grieving Children,"This organization provides resources and support for children and families grieving a loss, promoting social wellness through community connections.",https://childrengrieve.org,,The National Alliance for Grieving Children https://childrengrieve.org,Nationwide
111,social,The National Organization for Rare Disorders (NORD),"NORD provides resources and advocacy for individuals with rare diseases, enhancing social wellness through community support and connections.",https://rarediseases.org,1-800-999-6673,The National Organization for Rare Disorders (NORD) https://rarediseases.org,Nationwide
112,social,The Social Work Helper,"This platform provides articles and resources for social workers and the community, focusing on social wellness and mental health awareness.",https://www.socialworkhelper.com,,The Social Work Helper https://www.socialworkhelper.com,Nationwide
113,spiritual,Spirituality & Health Magazine  ,"A magazine that explores the intersection of spirituality and health, offering articles, interviews, and insights on maintaining spiritual well-being.  ",https://spiritualityhealth.com  ,NaN  ,Spirituality & Health Magazine   https://spiritualityhealth.com  ,Nationwide
114,spiritual,The Center for Spirituality and Healing  ,"A resource for education, research, and community engagement focusing on holistic health and spiritual wellness practices.  ",https://csh.umn.edu  ,612-626-5355  ,The Center for Spirituality and Healing   https://csh.umn.edu  ,Nationwide
115,spiritual,Insight Timer  ,"A free meditation app that includes thousands of guided meditations, talks, and music tracks to support spiritual growth and mindfulness.  ",https://insighttimer.com  ,NaN  ,Insight Timer   https://insighttimer.com  ,Nationwide
116,spiritual,Spiritual Care Association  ,An organization that supports spiritual care providers and offers resources for spiritual wellness in various settings.  ,https://spiritualcareassociation.org  ,866-563-8683  ,Spiritual Care Association   https://spiritualcareassociation.org  ,Nationwide
117,spiritual,The Chopra Center  ,"Offers programs and resources for meditation, Ayurveda, and holistic health to enhance spiritual well-being.  ",https://chopra.com  ,760-494-1639  ,The Chopra Center   https://chopra.com  ,Nationwide
118,spiritual,Mindful  ,"A website dedicated to mindfulness practices, offering articles, resources, and community for those seeking spiritual and mental wellness.  ",https://mindful.org  ,NaN  ,Mindful   https://mindful.org  ,Nationwide
119,spiritual,The Spirituality Network  ,"Offers workshops, retreats, and resources to foster spiritual growth and community connections across various faiths.  ",https://spiritualitynetwork.org  ,614-228-0006  ,The Spirituality Network   https://spiritualitynetwork.org  ,Nationwide
120,spiritual,The New Jersey Spiritual Wellness Center  ,"Provides workshops, classes, and community events focused on enhancing spiritual awareness and personal growth.  ",https://njspiritualwellness.org  ,732-555-0123  ,The New Jersey Spiritual Wellness Center   https://njspiritualwellness.org  ,'New Jersey
121,spiritual,American Psychological Association (APA)  ,"Offers resources on the psychological aspects of spirituality, including articles and research on its role in mental health.  ",https://apa.org/topics/spirituality  ,800-374-2721  ,American Psychological Association (APA)   https://apa.org/topics/spirituality  ,Nationwide
122,spiritual,The Greater Good Science Center  ,"Provides research-based resources on well-being, mindfulness, and spirituality, including articles and online courses.  ",https://greatergood.berkeley.edu  ,NaN  ,The Greater Good Science Center   https://greatergood.berkeley.edu  ,Nationwide
123,spiritual,The Institute for Spirituality and Health  ,"Focuses on the integration of spirituality in healthcare, providing resources and education on spiritual care.  ",https://ish-edu.org  ,713-791-6161  ,The Institute for Spirituality and Health   https://ish-edu.org  ,Nationwide
124,spiritual,The Mindfulness Network  ,Offers mindfulness training and resources that support spiritual and emotional well-being through various programs and workshops.  ,https://mindfulness-network.org  ,NaN  ,The Mindfulness Network   https://mindfulness-network.org  ,Nationwide
125,spiritual,The National Center for Complementary and Integrative Health  ,Provides information and research on the role of spirituality in health and wellness practices.  ,https://nccih.nih.gov  ,301-496-4780  ,The National Center for Complementary and Integrative Health   https://nccih.nih.gov  ,Nationwide
126,spiritual,The International Association for the Study of Dreams  ,Provides resources on the spiritual significance of dreams and offers a platform for sharing dream experiences.  ,https://asdreams.org  ,NaN  ,The International Association for the Study of Dreams   https://asdreams.org  ,Nationwide
127,spiritual,The Dali Lama's Official Website  ,"Offers teachings, articles, and resources on compassion, mindfulness, and spirituality from the perspective of Tibetan Buddhism.  ",https://dalailama.com  ,NaN  ,The Dali Lama's Official Website   https://dalailama.com  ,Nationwide
128,spiritual,The Center for Action and Contemplation  ,"Founded by Richard Rohr, this center provides teachings and resources on contemplative spirituality and transformative living.  ",https://cac.org  ,505-792-1242  ,The Center for Action and Contemplation   https://cac.org  ,Nationwide
129,spiritual,The Institute of Noetic Sciences  ,"Focuses on exploring the relationship between consciousness, spirituality, and science, offering research and educational resources.  ",https://noetic.org  ,707-779-8210  ,The Institute of Noetic Sciences   https://noetic.org  ,Nationwide
130,spiritual,The Wellness Universe  ,"An online community that provides resources, events, and a directory of wellness professionals focused on holistic health and spiritual well-being.  ",https://wellnessuniverse.com  ,NaN  ,The Wellness Universe   https://wellnessuniverse.com  ,Nationwide
131,spiritual,"The Association for Spiritual, Ethical, and Religious Values in Counseling  ","Focuses on integrating spirituality in the counseling profession, offering resources and educational materials.  ",https://aservic.org  ,NaN  ,"The Association for Spiritual, Ethical, and Religious Values in Counseling   https://aservic.org  ",Nationwide
132,spiritual,Spirituality and Health  ,"A resource for articles, podcasts, and tools that explore the connection between spirituality and health.  ",https://spiritualityhealth.com  ,NaN  ,Spirituality and Health   https://spiritualityhealth.com  ,Nationwide
133,spiritual,The Center for Mindfulness in Medicine  ,Provides mindfulness-based programs and resources that support spiritual and emotional wellness.  ,https://umassmed.edu/cfm  ,508-856-2656  ,The Center for Mindfulness in Medicine   https://umassmed.edu/cfm  ,Nationwide
134,spiritual,The Mindfulness Institute  ,"Offers training and resources for mindfulness practice, emphasizing its spiritual benefits for overall wellness.  ",https://mindfulnessinstitute.org  ,NaN  ,The Mindfulness Institute   https://mindfulnessinstitute.org  ,Nationwide
135,spiritual,The American Holistic Health Association  ,"Promotes holistic health, including spirituality as a vital component, providing resources and support.  ",https://ahha.org  ,866-229-7050  ,The American Holistic Health Association   https://ahha.org  ,Nationwide
136,spiritual,The Spiritual Wellness Institute  ,Offers courses and resources for enhancing spiritual well-being through various practices and teachings.  ,https://spiritualwellnessinstitute.org  ,973-555-0140  ,The Spiritual Wellness Institute   https://spiritualwellnessinstitute.org  ,Nationwide
137,spiritual,The New Jersey Interfaith Coalition  ,Provides resources and community engagement initiatives focused on interfaith dialogue and spiritual wellness.  ,https://njinterfaith.org  ,201-555-0180  ,The New Jersey Interfaith Coalition   https://njinterfaith.org  ,New Jersey
138,spiritual,The Mindful Schools  ,Offers mindfulness courses for children and adults to foster spiritual growth and emotional resilience.  ,https://mindfulschools.org  ,NaN  ,The Mindful Schools   https://mindfulschools.org  ,Nationwide
139,spiritual,The Center for Spiritual Living  ,"Provides resources, workshops, and classes focused on spiritual living and personal growth.  ",https://csl.org  ,303-759-3000  ,The Center for Spiritual Living   https://csl.org  ,Nationwide
140,spiritual,The HeartMath Institute  ,"Offers research and tools that explore the connection between heart coherence, emotional well-being, and spiritual wellness.  ",https://heartmath.org  ,831-338-8500  ,The HeartMath Institute   https://heartmath.org  ,Nationwide
141,spiritual,The Institute for Spiritual Development  ,Offers classes and workshops on spiritual development and holistic healing practices.  ,https://isdu.org  ,908-555-0200  ,The Institute for Spiritual Development   https://isdu.org  ,Nationwide
142,spiritual,The National Spiritual Alliance  ,Provides resources for spiritual growth and community connection across diverse spiritual practices.  ,https://spiritualalliance.org  ,NaN  ,The National Spiritual Alliance   https://spiritualalliance.org  ,Nationwide
143,spiritual,The Yoga Alliance  ,"A nonprofit organization that provides resources and standards for yoga teachers and practitioners, emphasizing the spiritual aspects of yoga.  ",https://yogaalliance.org  ,888-921-9642  ,The Yoga Alliance   https://yogaalliance.org  ,Nationwide
144,spiritual,The Association for Spirituality and Health  ,A network that provides education and resources on the integration of spirituality in healthcare and wellness.  ,https://ash.org  ,,The Association for Spirituality and Health   https://ash.org  ,Nationwide
145,intellectual,National Institute of Mental Health (NIMH)  ,"Provides a wealth of information on mental health topics, including research, publications, and resources for improving mental wellness.  ",https://www.nimh.nih.gov  ,1-866-615-6464  ,National Institute of Mental Health (NIMH)   https://www.nimh.nih.gov  ,Nationwide
146,intellectual,American Psychological Association (APA)  ,"Offers resources on psychological health, including articles, research findings, and tools for enhancing mental wellness and coping strategies.  ",https://www.apa.org  ,800-374-2721  ,American Psychological Association (APA)   https://www.apa.org  ,Nationwide
147,intellectual,Mindfulness-Based Stress Reduction (MBSR)  ,Provides online courses and resources for mindfulness practices that enhance mental wellness and reduce stress.  ,https://www.umassmed.edu/cfm/mindfulness-based-programs/mbsr/  ,NaN  ,Mindfulness-Based Stress Reduction (MBSR)   https://www.umassmed.edu/cfm/mindfulness-based-programs/mbsr/  ,Nationwide
148,intellectual,Headspace  ,A meditation and mindfulness app offering guided sessions to improve mental clarity and emotional health.  ,https://www.headspace.com  ,NaN  ,Headspace   https://www.headspace.com  ,Nationwide
149,intellectual,Coursera  ,"Offers online courses from universities on various subjects, fostering lifelong learning and intellectual engagement.  ",https://www.coursera.org  ,NaN  ,Coursera   https://www.coursera.org  ,Nationwide
150,intellectual,TED Talks  ,"A platform for sharing ideas through short talks on a variety of topics, encouraging intellectual exploration and inspiration.  ",https://www.ted.com/talks  ,NaN  ,TED Talks   https://www.ted.com/talks  ,Nationwide
151,intellectual,Open Culture  ,"Offers free educational and cultural media, including online courses, movies, and eBooks, promoting lifelong learning.  ",http://www.openculture.com  ,NaN  ,Open Culture   http://www.openculture.com  ,Nationwide
152,intellectual,New Jersey State Library  ,"Provides access to a vast collection of resources, including books, online databases, and educational programs to enhance intellectual wellness.  ",https://www.njstatelib.org  ,1-800-792-8322  ,New Jersey State Library   https://www.njstatelib.org  ,New Jersey
153,intellectual,New Jersey Public Library Network  ,"Connects residents to local libraries offering books, programs, and resources that promote intellectual growth and community engagement.  ",https://www.njlibraries.org  ,NaN  ,New Jersey Public Library Network   https://www.njlibraries.org  ,'New Jersey
154,intellectual,National Endowment for the Arts (NEA)  ,"Supports artistic endeavors and provides resources for arts education, promoting creativity and intellectual wellness.  ",https://www.arts.gov  ,202-682-5400  ,National Endowment for the Arts (NEA)   https://www.arts.gov  ,Nationwide
155,intellectual,Duolingo  ,"A language learning app that offers courses in various languages, promoting cognitive skills and cultural understanding.  ",https://www.duolingo.com  ,NaN  ,Duolingo   https://www.duolingo.com  ,Nationwide
156,intellectual,The Great Courses  ,"Provides video lectures by expert professors on a wide range of subjects, promoting intellectual exploration and learning.  ",https://www.thegreatcourses.com  ,NaN  ,The Great Courses   https://www.thegreatcourses.com  ,Nationwide
157,intellectual,Skillshare  ,"An online learning community offering courses on various subjects, enabling users to develop new skills and knowledge.  ",https://www.skillshare.com  ,NaN  ,Skillshare   https://www.skillshare.com  ,Nationwide
158,intellectual,National Geographic Education  ,"Provides educational resources, articles, and activities to inspire learning about geography, science, and culture.  ",https://www.nationalgeographic.org/education  ,NaN  ,National Geographic Education   https://www.nationalgeographic.org/education  ,Nationwide
159,intellectual,Lynda.com (LinkedIn Learning)  ,Offers a wide range of courses on professional and personal development topics to enhance skills and knowledge.  ,https://www.linkedin.com/learning  ,NaN  ,Lynda.com (LinkedIn Learning)   https://www.linkedin.com/learning  ,Nationwide
160,intellectual,Brainfuse  ,"Provides online tutoring and learning resources for students of all ages, promoting academic success and intellectual growth.  ",https://www.brainfuse.com  ,NaN  ,Brainfuse   https://www.brainfuse.com  ,Nationwide
161,intellectual,The Smithsonian Institution  ,"Offers a wealth of resources on history, science, and culture through its museums and online collections.  ",https://www.si.edu  ,NaN  ,The Smithsonian Institution   https://www.si.edu  ,Nationwide
162,intellectual,FutureLearn  ,"Provides access to free online courses from universities around the world, encouraging lifelong learning and intellectual engagement.  ",https://www.futurelearn.com  ,NaN  ,FutureLearn   https://www.futurelearn.com  ,Nationwide
163,intellectual,Brainly  ,"A social learning network where students can ask and answer questions, promoting collaborative learning and intellectual growth.  ",https://brainly.com  ,NaN  ,Brainly   https://brainly.com  ,Nationwide
164,intellectual,Coursera for Business  ,Offers online training programs for organizations to promote professional development and intellectual growth among employees.  ,https://www.coursera.org/business  ,NaN  ,Coursera for Business   https://www.coursera.org/business  ,Nationwide
165,intellectual,edX  ,"Provides online courses from universities worldwide, encouraging learning in various subjects for personal and professional growth.  ",https://www.edx.org  ,NaN  ,edX   https://www.edx.org  ,Nationwide
166,intellectual,The Learning Network (New York Times)  ,"Offers lesson plans, writing prompts, and articles to promote critical thinking and discussion among learners of all ages.  ",https://www.nytimes.com/section/learning  ,NaN  ,The Learning Network (New York Times)   https://www.nytimes.com/section/learning  ,Nationwide
167,intellectual,Academic Earth  ,A free academic video platform providing educational lectures from various universities to foster intellectual growth.  ,http://academicearth.org  ,NaN  ,Academic Earth   http://academicearth.org  ,Nationwide
168,intellectual,FutureLearn  ,"Offers access to free online courses from universities around the globe, encouraging lifelong learning and intellectual engagement.  ",https://www.futurelearn.com  ,NaN  ,FutureLearn   https://www.futurelearn.com  ,Nationwide
169,intellectual,LearningExpress Library  ,"Provides resources for test preparation, skill-building, and career advancement, promoting academic success and intellectual development.  ",https://www.learningexpresslibrary.com  ,NaN  ,LearningExpress Library   https://www.learningexpresslibrary.com  ,Nationwide
170,intellectual,JSTOR  ,"A digital library offering access to academic journals, books, and primary sources, promoting research and intellectual exploration.  ",https://www.jstor.org  ,NaN  ,JSTOR   https://www.jstor.org  ,Nationwide
171,intellectual,New Jersey State Museum  ,"Offers educational programs and resources related to history, culture, and science, fostering intellectual engagement in New Jersey.  ",https://www.nj.gov/state/museum  ,1-609-292-6464  ,New Jersey State Museum   https://www.nj.gov/state/museum  ,'New Jersey
172,intellectual,Open Yale Courses  ,"Provides free access to a selection of introductory courses taught by Yale University professors, fostering intellectual growth.  ",https://oyc.yale.edu  ,NaN  ,Open Yale Courses   https://oyc.yale.edu  ,Nationwide
173,intellectual,New Jersey Humanities Council  ,Supports public programs in the humanities and provides resources for cultural understanding and intellectual engagement in New Jersey.  ,https://njhumanities.org  ,1-609-292-2490  ,New Jersey Humanities Council   https://njhumanities.org  ,New Jersey
174,intellectual,The Learning Agency Lab  ,Offers research and resources for effective learning strategies and educational practices to enhance intellectual wellness.  ,https://learningagencylab.com  ,NaN  ,The Learning Agency Lab   https://learningagencylab.com  ,Nationwide
175,intellectual,National Park Service (NPS)  ,"Provides educational resources and programs in national parks, promoting exploration and learning about nature and history.  ",https://www.nps.gov  ,NaN  ,National Park Service (NPS)   https://www.nps.gov  ,Nationwide
176,intellectual,LearnZillion  ,An online resource for lesson plans and teaching tools that empower educators and promote student learning.  ,https://learnzillion.com  ,NaN  ,LearnZillion   https://learnzillion.com  ,Nationwide
177,intellectual,Project MUSE  ,"Provides access to humanities and social science content from university presses and scholarly societies, fostering intellectual exploration.  ",https://muse.jhu.edu  ,NaN  ,Project MUSE   https://muse.jhu.edu  ,Nationwide
178,intellectual,The Teaching Company  ,"Offers a range of educational video courses on various subjects, promoting lifelong learning and intellectual engagement.  ",https://www.thegreatcourses.com  ,NaN  ,The Teaching Company   https://www.thegreatcourses.com  ,Nationwide
179,intellectual,LearnVest  ,"Provides financial education resources and tools to promote financial literacy and wellness, supporting overall intellectual health.  ",https://www.learnvest.com  ,NaN  ,LearnVest   https://www.learnvest.com  ,Nationwide
180,intellectual,New Jersey Digital Highway  ,"A digital repository of New Jersey history and culture, providing access to resources for research and learning.  ",https://www.njdigitalhighway.org  ,NaN  ,New Jersey Digital Highway   https://www.njdigitalhighway.org  ,'New Jersey
181,environmental,Environmental Protection Agency (EPA),"The EPA provides information and resources to protect human health and the environment, including guidelines for pollution prevention and sustainability practices.",https://www.epa.gov,1-800-426-4791,Environmental Protection Agency (EPA) https://www.epa.gov,Nationwide
182,environmental,National Oceanic and Atmospheric Administration (NOAA),"NOAA offers resources on weather, climate, ocean health, and the impact of environmental changes, aiming to promote understanding and resilience.",https://www.noaa.gov,1-888-701-8992,National Oceanic and Atmospheric Administration (NOAA) https://www.noaa.gov,Nationwide
183,environmental,U.S. Forest Service,"The U.S. Forest Service manages national forests and grasslands, providing resources for conservation, recreation, and education about forest ecosystems.",https://www.fs.usda.gov,1-703-605-5555,U.S. Forest Service https://www.fs.usda.gov,Nationwide
184,environmental,National Park Service (NPS),The NPS preserves natural and cultural resources in national parks and provides educational materials and programs about conservation and outdoor activities.,https://www.nps.gov,1-202-208-6843,National Park Service (NPS) https://www.nps.gov,Nationwide
185,environmental,The Nature Conservancy,"This organization works globally to conserve land and water, providing resources, advocacy, and volunteer opportunities for environmental stewardship.",https://www.nature.org,1-800-628-6860,The Nature Conservancy https://www.nature.org,Nationwide
186,environmental,Environmental Defense Fund (EDF),"EDF focuses on finding solutions to environmental challenges through science, advocacy, and partnerships, providing resources for sustainable practices.",https://www.edf.org,1-800-684-3322,Environmental Defense Fund (EDF) https://www.edf.org,Nationwide
187,environmental,Earth911,"Earth911 offers information on recycling, waste reduction, and sustainable living, with tools to help individuals make environmentally friendly choices.",https://earth911.com,,Earth911 https://earth911.com,Nationwide
188,environmental,Green America,"Green America promotes sustainable business practices and consumer choices, providing resources for eco-friendly living and activism.",https://www.greenamerica.org,1-800-58-GREEN,Green America https://www.greenamerica.org,Nationwide
189,environmental,Sierra Club,"The Sierra Club is a grassroots environmental organization that focuses on conservation and sustainability, providing resources for advocacy and community action.",https://www.sierraclub.org,1-415-977-5500,Sierra Club https://www.sierraclub.org,Nationwide
190,environmental,Audubon Society,"The Audubon Society works to protect birds and their habitats, providing resources for conservation efforts and education on wildlife protection.",https://www.audubon.org,1-844-428-3826,Audubon Society https://www.audubon.org,Nationwide
191,environmental,New Jersey Clean Communities Council,"This council promotes litter-free communities and environmental stewardship through education, outreach, and community service programs.",https://www.njcleancommunities.org,1-732-899-4919,New Jersey Clean Communities Council https://www.njcleancommunities.org,'New Jersey
192,environmental,New Jersey Conservation Foundation,"This nonprofit organization works to preserve New Jersey's natural resources through land conservation, advocacy, and community engagement.",https://www.njconservation.org,1-908-234-1225,New Jersey Conservation Foundation https://www.njconservation.org,'New Jersey
193,environmental,Clean Water Action,"Clean Water Action is a national organization focused on clean water, climate change, and environmental justice, providing advocacy and community resources.",https://cleanwateraction.org,1-800-929-6081,Clean Water Action https://cleanwateraction.org,Nationwide
194,environmental,New Jersey Future,"This organization promotes smart growth and sustainable development in New Jersey, offering resources for planning and community development.",https://www.njfuture.org,1-609-393-0008,New Jersey Future https://www.njfuture.org,'New Jersey
195,environmental,American Rivers,"American Rivers focuses on protecting and restoring America's rivers, providing resources for river conservation, advocacy, and community engagement.",https://www.americanrivers.org,1-202-347-7550,American Rivers https://www.americanrivers.org,Nationwide
196,environmental,National Resources Defense Council (NRDC),"NRDC is an environmental advocacy group that works to protect the earth's resources through policy development, litigation, and public engagement.",https://www.nrdc.org,1-212-727-2700,National Resources Defense Council (NRDC) https://www.nrdc.org,Nationwide
197,environmental,National Wildlife Federation (NWF),"NWF focuses on wildlife conservation and habitat restoration, providing educational resources and programs to engage communities in environmental stewardship.",https://www.nwf.org,1-800-822-9919,National Wildlife Federation (NWF) https://www.nwf.org,Nationwide
198,environmental,Recycling Partnership,"This organization works to improve recycling systems across the U.S. by providing resources, tools, and support for communities and businesses.",https://recyclingpartnership.org,1-703-299-8986,Recycling Partnership https://recyclingpartnership.org,Nationwide
199,environmental,Keep America Beautiful,This nonprofit focuses on preventing litter and promoting environmental stewardship through community engagement and public education campaigns.,https://www.kab.org,1-800-822-4333,Keep America Beautiful https://www.kab.org,Nationwide
200,environmental,Green Seal,"Green Seal certifies products and services that meet strict environmental standards, helping consumers make eco-friendly choices.",https://www.greenseal.org,,Green Seal https://www.greenseal.org,Nationwide
201,environmental,Energy Star,"Energy Star provides information on energy efficiency and sustainable practices for homes and businesses, helping consumers make informed choices.",https://www.energystar.gov,1-888-782-7937,Energy Star https://www.energystar.gov,Nationwide
202,environmental,Green Building Council,"This council promotes sustainable building practices through education, certification, and resources for architects, builders, and homeowners.",https://www.usgbc.org,1-202-552-1500,Green Building Council https://www.usgbc.org,Nationwide
203,environmental,New Jersey Recycling Resource,"This resource provides information on recycling programs and guidelines specific to New Jersey, helping residents understand local recycling practices.",https://www.nj.gov/dep/recycle,1-609-292-9880,New Jersey Recycling Resource https://www.nj.gov/dep/recycle,'New Jersey
204,environmental,Sustainable Jersey,Sustainable Jersey is a certification program for municipalities in New Jersey that focuses on sustainability initiatives and community engagement.,https://www.sustainablejersey.com,1-609-771-2938,Sustainable Jersey https://www.sustainablejersey.com,New Jersey
205,environmental,Clean Air Council,"This organization advocates for clean air and environmental protection, providing resources and support for community engagement and policy change.",https://cleanair.org,1-215-567-4004,Clean Air Council https://cleanair.org,Nationwide
206,environmental,EcoWatch,"EcoWatch is an online platform that provides news and resources on environmental issues, sustainability, and eco-friendly living.",https://www.ecowatch.com,,EcoWatch https://www.ecowatch.com,Nationwide
207,environmental,The Green Program,"This program offers educational experiences focused on sustainability and environmental conservation, providing resources for students and young professionals.",https://www.thegreenprogram.com,,The Green Program https://www.thegreenprogram.com,Nationwide
208,environmental,Citizens Climate Lobby,"This nonprofit organization focuses on creating the political will for climate solutions, providing resources for advocacy and community engagement.",https://citizensclimatelobby.org,1-202-299-9408,Citizens Climate Lobby https://citizensclimatelobby.org,Nationwide
209,environmental,1% for the Planet,"This organization encourages businesses and individuals to donate 1% of their sales to environmental nonprofits, providing a network for giving back to the planet.",https://www.onepercentfortheplanet.org,1-802-496-5408,1% for the Planet https://www.onepercentfortheplanet.org,Nationwide
210,environmental,EcoAction,"EcoAction funds community-based environmental projects across Canada and the U.S., providing resources and support for local initiatives.",https://www.ecoaction.gc.ca,,EcoAction https://www.ecoaction.gc.ca,Nationwide
211,environmental,National Environmental Education Foundation (NEEF),NEEF provides resources and programs for environmental education aimed at fostering a public understanding of environmental issues and solutions.,https://www.neefusa.org,1-202-833-2933,National Environmental Education Foundation (NEEF) https://www.neefusa.org,Nationwide
212,environmental,Just Transition Alliance,"This organization advocates for equitable transitions to sustainable practices, providing resources for community engagement, policy, and environmental justice.",https://www.justtransitionalliance.org,,Just Transition Alliance https://www.justtransitionalliance.org,Nationwide
213,environmental,The Climate Reality Project,"Focused on climate change education and advocacy, this organization provides resources for individuals and communities working towards climate solutions.",https://www.climaterealityproject.org,1-202-742-0420,The Climate Reality Project https://www.climaterealityproject.org,Nationwide
214,financial,National Endowment for Financial Education (NEFE)  ,"NEFE offers free financial education resources, including tools and information to help individuals improve their financial literacy.  ",https://www.nefe.org  ,NaN  ,National Endowment for Financial Education (NEFE)   https://www.nefe.org  ,Nationwide
215,financial,MyMoney.gov  ,"A U.S. government website that provides information and tools for managing personal finances, including budgeting, saving, and investing.  ",https://www.mymoney.gov  ,NaN  ,MyMoney.gov   https://www.mymoney.gov  ,Nationwide
216,financial,Consumer Financial Protection Bureau (CFPB)  ,"The CFPB provides resources for consumers to understand financial products and services, including budgeting tools and financial education.  ",https://www.consumerfinance.gov  ,NaN  ,Consumer Financial Protection Bureau (CFPB)   https://www.consumerfinance.gov  ,Nationwide
217,financial,National Foundation for Credit Counseling (NFCC)  ,"NFCC offers financial counseling and education services, helping individuals manage their debts and improve financial health.  ",https://www.nfcc.org  ,1-800-388-2227  ,National Foundation for Credit Counseling (NFCC)   https://www.nfcc.org  ,Nationwide
218,financial,Smart About Money  ,"A free online resource that offers courses, tools, and resources to help individuals manage their money and plan for their financial future.  ",https://www.smartaboutmoney.com  ,NaN  ,Smart About Money   https://www.smartaboutmoney.com  ,Nationwide
219,financial,Financial Literacy and Education Commission (FLEC)  ,FLEC coordinates federal efforts to improve financial literacy among American consumers through various educational resources.  ,https://www.treasurydirect.gov/indiv/tools/financialliteracy.htm  ,NaN  ,Financial Literacy and Education Commission (FLEC)   https://www.treasurydirect.gov/indiv/tools/financialliteracy.htm  ,Nationwide
220,financial,Jump$tart Coalition for Personal Financial Literacy  ,"A coalition of organizations that promote financial literacy for students and educators, providing resources and tools for effective financial education.  ",https://www.jumpstart.org  ,NaN  ,Jump$tart Coalition for Personal Financial Literacy   https://www.jumpstart.org  ,Nationwide
221,financial,Credit Karma  ,"Credit Karma provides free credit scores and reports, along with personalized financial product recommendations and budgeting tools.  ",https://www.creditkarma.com  ,NaN  ,Credit Karma   https://www.creditkarma.com  ,Nationwide
222,financial,Mint  ,"A free budgeting app that helps users track spending, create budgets, and manage their finances in one place.  ",https://www.mint.com  ,NaN  ,Mint   https://www.mint.com  ,Nationwide
223,financial,USA.gov Financial Literacy  ,"A portal to various government resources related to financial literacy, including budgeting, saving, and fraud prevention.  ",https://www.usa.gov/financial-literacy  ,NaN  ,USA.gov Financial Literacy   https://www.usa.gov/financial-literacy  ,Nationwide
224,financial,National Credit Union Administration (NCUA)  ,NCUA provides resources for consumers to understand credit unions and offers tips on managing finances and budgeting.  ,https://www.ncua.gov  ,NaN  ,National Credit Union Administration (NCUA)   https://www.ncua.gov  ,Nationwide
225,financial,Better Money Habits  ,A program by Bank of America that offers free online tools and resources to help individuals improve their financial habits and achieve their goals.  ,https://www.bettermoneyhabits.com  ,NaN  ,Better Money Habits   https://www.bettermoneyhabits.com  ,Nationwide
226,financial,Council for Economic Education (CEE)  ,"CEE provides K-12 educators with resources to teach personal finance and economics, aiming to improve financial literacy in schools.  ",https://www.councilforeconed.org  ,NaN  ,Council for Economic Education (CEE)   https://www.councilforeconed.org  ,Nationwide
227,financial,Operation HOPE  ,"A nonprofit organization that provides financial literacy and economic empowerment programs, including credit counseling and money management workshops.  ",https://www.operationhope.org  ,1-888-388-4673  ,Operation HOPE   https://www.operationhope.org  ,Nationwide
228,financial,Financial Planning Association (FPA)  ,"FPA provides resources and tools for financial planning, including access to certified financial planners for personalized advice.  ",https://www.plannersearch.org  ,NaN  ,Financial Planning Association (FPA)   https://www.plannersearch.org  ,Nationwide
229,financial,New Jersey Division of Consumer Affairs  ,"This state agency provides resources and information to help New Jersey residents understand consumer rights, including financial literacy resources.  ",https://www.njconsumeraffairs.gov  ,NaN  ,New Jersey Division of Consumer Affairs   https://www.njconsumeraffairs.gov  ,'New Jersey
230,financial,New Jersey Department of Banking and Insurance  ,"Offers resources for consumers about financial products, services, and financial literacy programs available to New Jersey residents.  ",https://www.nj.gov/dobi  ,NaN  ,New Jersey Department of Banking and Insurance   https://www.nj.gov/dobi  ,New Jersey
231,financial,Smart Money Management  ,"An online platform that provides tools and resources to help individuals manage their finances, including budgeting and debt management advice.  ",https://www.smartmoneymanagement.com  ,NaN  ,Smart Money Management   https://www.smartmoneymanagement.com  ,Nationwide
232,financial,National Association of Personal Financial Advisors (NAPFA)  ,"NAPFA provides resources for finding fee-only financial advisors, as well as educational tools for improving financial literacy.  ",https://www.napfa.org  ,NaN  ,National Association of Personal Financial Advisors (NAPFA)   https://www.napfa.org  ,Nationwide
233,financial,AARP Financial Education  ,"AARP offers financial education resources for older adults, focusing on retirement planning, budgeting, and managing expenses.  ",https://www.aarp.org/money/financial-literacy  ,NaN  ,AARP Financial Education   https://www.aarp.org/money/financial-literacy  ,Nationwide
234,financial,Goodwill Financial Literacy  ,Goodwill offers financial literacy programs aimed at helping individuals achieve economic stability through budgeting and money management courses.  ,https://www.goodwill.org  ,NaN  ,Goodwill Financial Literacy   https://www.goodwill.org  ,Nationwide
235,financial,The Mint  ,"A fun and educational website aimed at teaching kids and teens about money management, budgeting, and saving.  ",https://www.themint.org  ,NaN  ,The Mint   https://www.themint.org  ,Nationwide
236,financial,Bankrate  ,"Provides comprehensive resources for financial decisions, including comparisons of financial products and advice on budgeting, saving, and investing.  ",https://www.bankrate.com  ,NaN  ,Bankrate   https://www.bankrate.com  ,Nationwide
237,financial,Financial Fitness for Life  ,A program from the National Council on Economic Education that provides resources for teaching personal finance in K-12 settings.  ,https://www.fitnessforlife.org  ,NaN  ,Financial Fitness for Life   https://www.fitnessforlife.org  ,Nationwide
238,financial,Money Management International (MMI)  ,"MMI offers financial counseling, debt management, and education services to help individuals achieve financial stability.  ",https://www.moneymanagement.org  ,1-866-889-9347  ,Money Management International (MMI)   https://www.moneymanagement.org  ,Nationwide
239,financial,New Jersey Financial Empowerment Consortium  ,A coalition dedicated to promoting financial literacy and empowerment for New Jersey residents through various programs and services.  ,https://www.nj.gov/dca/financial-empowerment/  ,NaN  ,New Jersey Financial Empowerment Consortium   https://www.nj.gov/dca/financial-empowerment/  ,'New Jersey
240,financial,The Financial Literacy Group  ,Offers online courses and resources to help individuals gain essential financial skills and knowledge for better money management.  ,https://www.financialliteracygroup.com  ,NaN  ,The Financial Literacy Group   https://www.financialliteracygroup.com  ,Nationwide
241,financial,Clearpoint Credit Counseling Solutions  ,"A nonprofit organization providing credit counseling, budgeting help, and financial education to those in need.  ",https://www.clearpoint.org  ,1-800-750-2227  ,Clearpoint Credit Counseling Solutions   https://www.clearpoint.org  ,Nationwide
242,financial,Smart Money  ,"Offers practical advice and tips on personal finance management, including budgeting, saving, and investing strategies.  ",https://www.smartmoney.com  ,NaN  ,Smart Money   https://www.smartmoney.com  ,Nationwide
243,financial,New Jersey Credit Union League  ,Provides resources and educational programs aimed at improving financial literacy among New Jersey residents through credit unions.  ,https://www.njcul.org  ,NaN  ,New Jersey Credit Union League   https://www.njcul.org  ,'New Jersey
244,financial,The Financial Gym  ,Offers personal finance coaching and workshops to help individuals improve their financial habits and achieve their goals.  ,https://financialgym.com  ,NaN  ,The Financial Gym   https://financialgym.com  ,Nationwide
245,financial,The Balance  ,"A comprehensive personal finance website that provides articles, guides, and tools for budgeting, investing, and managing money.  ",https://www.thebalance.com  ,NaN  ,The Balance   https://www.thebalance.com  ,Nationwide
246,financial,Nolo  ,"Nolo provides legal information and resources, including guides on financial topics such as debt collection and consumer rights.  ",https://www.nolo.com  ,,Nolo   https://www.nolo.com  ,Nationwide
